domain,name,homepage,platform,evidence,matched_terms,match_hits,products_sampled,source,query
hangoutlighting.com,Custom Lighting: Pendants & Chandeliers – Hangout Lighting,https://hangoutlighting.com,shopify,products.json,"ceiling light,chandelier,flush mount,lamp,lighting,pendant,pendant light,sconce,wall sconce",750,750,seedfile,seed-file
luxurylightingboutique.com,,https://luxurylightingboutique.com,shopify,products.json,"ceiling light,chandelier,desk lamp,floor lamp,flush mount,hudson valley,lamp,lighting,pendant,pendant light,sconce,table lamp,wall light,wall sconce",746,750,seedfile,seed-file
lights4less.com.au,Australia's #1 Online Lighting Store | Lights4Less,https://lights4less.com.au,shopify,products.json,"ceiling light,chandelier,downlight,floor lamp,flush mount,lamp,lighting,pendant,pendant light,sconce,spotlight,table lamp,wall light,wall sconce",730,750,seedfile,seed-file
warehouse-lighting.com,"Shop Industrial, Commercial & Outdoor Lighting Solutions | Warehouse-Lighting.com",https://warehouse-lighting.com,shopify,products.json,"ceiling light,chandelier,downlight,flush mount,lamp,landscape lighting,led strip,light bulb,light fixture,lighting,maxim lighting,outdoor lighting,pendant,pendant light,recessed lighting,sconce,spotlight,track lighting,wall light,wall sconce",726,750,seedfile,seed-file
keslighting.co.uk,,https://keslighting.co.uk,shopify,products.json,"ceiling light,chandelier,desk lamp,downlight,floor lamp,hinkley,kichler,lamp,led bulb,lighting,pendant,pendant light,quoizel,spotlight,table lamp,wall light",712,750,seedfile,seed-file
lamps.com,,https://lamps.com,shopify,products.json,"ceiling light,chandelier,floor lamp,flush mount,hinkley,hudson valley,kichler,lamp,landscape lighting,led bulb,lighting,maxim lighting,pendant,quoizel,sconce,sea gull lighting,table lamp,tech lighting,visual comfort,wall light,wall sconce",701,750,seedfile,seed-file
lights.com,Lights.com,https://lights.com,shopify,products.json,"ceiling light,chandelier,floor lamp,flush mount,hudson valley,lamp,lighting,outdoor lighting,pendant,pendant light,sconce,table lamp,wall light,wall sconce",661,750,seedfile,seed-file
amoslighting.co.uk,Designer Lighting & Home Décor UK – Amos Lighting + Home,https://amoslighting.co.uk,shopify,products.json,"ceiling light,chandelier,desk lamp,downlight,floor lamp,flush mount,hinkley,kichler,lamp,led strip,light bulb,lighting,pendant,pendant light,quoizel,spotlight,table lamp,wall light",632,750,seedfile,seed-file
nostalgicbulbs.com,Largest Online Retailer of Vintage Lighting | Nostalgicbulbs.com,https://nostalgicbulbs.com,shopify,products.json,"ceiling light,chandelier,flush mount,lamp,lamp shade,led bulb,light bulb,lighting,pendant,pendant light,sconce,table lamp,wall sconce",610,750,seedfile,seed-file
lampsexpo.com,Designer Home Lighting Store - Stylish Indoor & Outdoor Fixtures — Lamps Expo,https://lampsexpo.com,shopify,products.json,"ceiling light,chandelier,currey and company,desk lamp,downlight,floor lamp,flush mount,hudson valley,lamp,landscape lighting,led strip,lighting,pendant,pendant light,progress lighting,quoizel,sconce,table lamp,track lighting,visual comfort,wall light,wall sconce",598,750,seedfile,seed-file
jdlighting.com.au,JD Lighting & Fans | Shop Lighting & Ceiling Fans Online & In-store,https://jdlighting.com.au,shopify,products.json,"ceiling light,chandelier,desk lamp,downlight,floor lamp,flush mount,lamp,led strip,light fixture,lighting,outdoor lighting,pendant,pendant light,sconce,spotlight,table lamp,track lighting,wall light,wall sconce",570,750,seedfile,seed-file
paperlanternstore.com,"Paper Lantern Store | World's Largest Selection of Lanterns, 24 Years",https://paperlanternstore.com,shopify,products.json,"lamp,led bulb,light bulb,lighting,pendant,pendant light",546,750,seedfile,seed-file
loomlightdesign.com,"Loomlight | Reclaimed Vintage Lighting, Clocks & Binoculars",https://loomlightdesign.com,shopify,products.json,"ceiling light,chandelier,downlight,floor lamp,flush mount,lamp,lamp shade,led strip,lighting,pendant,pendant light,sconce,spotlight,table lamp,wall light,wall sconce",391,420,seedfile,seed-file
thelightingstore.co.uk,"Lighting, Crystal chandelier, Lighting Shops – The Lighting Store",https://thelightingstore.co.uk,woocommerce,store-api,"ceiling light,chandelier,desk lamp,floor lamp,lamp,lighting,pendant,pendant light,spotlight,wall light",284,300,seedfile,seed-file
edisonlightglobes.com,Vintage Style Light Fittings and bulbs Shop Online Now,https://edisonlightglobes.com,woocommerce,store-api,"ceiling light,chandelier,flush mount,lamp,lamp shade,led bulb,led strip,light bulb,light fixture,lighting,pendant,pendant light,sconce,spotlight,wall light,wall sconce",255,300,seedfile,seed-file
lightingdesign.com,"Explore Top Lighting Solutions | Salt Lake City, UT & Arizona Location — Lighting Design Store",https://lightingdesign.com,shopify,products.json,"chandelier,downlight,floor lamp,flush mount,lamp,pendant,sconce,table lamp,wall sconce",221,750,seedfile,seed-file
memoky.com,,https://memoky.com,shopify,products.json,"chandelier,floor lamp,flush mount,lamp,pendant,sconce,wall sconce",182,750,seedfile,seed-file
brightech.com,Contemporary Lighting | Brightech | Innovative Designs,https://brightech.com,shopify,products.json,"floor lamp,lamp,sconce,spotlight,table lamp,wall sconce",116,141,seedfile,seed-file
ledlightingsupply.com,"Commercial & Industrial LED Lighting, Sports Lighting, Light Poles & HVLS Fans",https://ledlightingsupply.com,woocommerce,store-api,"ceiling light,light fixture,lighting,outdoor lighting,pendant,sconce,track lighting,wall sconce",97,300,seedfile,seed-file
seagreendesignsco.com,Sea Green Designs Co | Coastal Inspired Home Decor – sea green designs,https://seagreendesignsco.com,shopify,products.json,"chandelier,floor lamp,flush mount,lamp,lighting,outdoor lighting,pendant,pendant light,sconce,table lamp,wall sconce",85,750,seedfile,seed-file
e-conolight.com,LED Lighting | Commercial & Residential Fixtures | e-conolight,https://e-conolight.com,shopify,products.json,"led strip,lighting,outdoor lighting,pendant,wall light",29,81,seedfile,seed-file
chandeliers-btq.com,Chandeliers Boutique – Chandeliers Boutique ny,https://chandeliers-btq.com,shopify,products.json,"chandelier,led strip,pendant",11,616,seedfile,seed-file
yellowpop.com,,https://yellowpop.com,shopify,products.json,neon sign,10,750,seedfile,seed-file
mod-lighting.com,Luxury meets contemporary - MOD LIGHTING,https://mod-lighting.com,shopify,html-marker,"ceiling light,chandelier,lamp,lighting,pendant,pendant light,sconce,wall light,wall sconce",9,0,seedfile,seed-file
kingsoutdoorlighting.com,Kings Outdoor Lighting | Outdoor Lighting For Homes,https://kingsoutdoorlighting.com,shopify,products.json,"landscape lighting,light bulb,lighting,outdoor lighting,pendant,pendant light,sconce,spotlight",8,0,seedfile,seed-file
ivoryanddeene.com.au,Ivory & Deene | Affordable Luxury,https://ivoryanddeene.com.au,shopify,html-marker,"chandelier,lighting,outdoor lighting,pendant,pendant light,wall light",6,0,seedfile,seed-file
revolveled.com,Commercial LED Lighting | Shop Commercial & Industrial LED Lighting Online - Revolve LED,https://revolveled.com,shopify,products.json,"lighting,outdoor lighting,wall light",3,0,seedfile,seed-file
neonsignsdepot.com,Custom LED Neon Signs for Home & Business | Neon Signs Depot,https://neonsignsdepot.com,woocommerce,store-api,"lamp,neon sign",2,0,seedfile,seed-file
2modern.com,"Modern Furniture, Lighting, and Accessories - 2Modern",https://2modern.com,shopify,products.json,lighting,1,0,seedfile,seed-file
starlightchandeliers.ca,"Starlight Chandeliers Canada - Luxury, Modern & Crystal Chandeliers",https://starlightchandeliers.ca,shopify,products.json,chandelier,1,0,seedfile,seed-file
