domain,name,homepage,shopify_evidence,matched_terms,match_hits,products_sampled,source,query
detectorhero.com,"Shop the Best Metal Detectors for Gold, Relics & More – Detector Hero",https://detectorhero.com,products.json,"bounty hunter,coiltek,detector cover,digging tool,garrett,gold detector,gold pan,gold prospecting,makro,metal detecting,metal detector,minelab,nokta,nokta makro,nugget detector,pinpointer,quest,relic hunting,sand scoop,search coil,treasure hunting,underwater metal detector,waterproof metal detector,xp deus",484,500,seedfile,seed-file
sports365pro.com,Metal Detectors and Metal Detecting Accessories For Sale – Sports 365,https://sports365pro.com,products.json,"bounty hunter,coiltek,detech,detecting headphones,digging tool,fisher labs,garrett,gold detector,gold pan,gold prospecting,makro,metal detecting,metal detector,minelab,nokta,nokta makro,nugget detector,okm,pinpointer,quest,relic hunting,sand scoop,search coil,teknetics,tesoro,treasure hunting,underwater metal detector,waterproof metal detector,xp deus",458,500,seedfile,seed-file
seriousdetecting.com,Serious Detecting – Authorized Metal Detector Dealer | Expert Support,https://seriousdetecting.com,products.json,"coiltek,detecting coil,detecting headphones,digging tool,garrett,gold detector,gold pan,gold prospecting,makro,metal detecting,metal detector,minelab,nokta,nokta makro,pinpointer,quest,relic hunting,sand scoop,search coil,teknetics,treasure hunting,underwater metal detector,waterproof metal detector,xp deus",363,500,seedfile,seed-file
highplainsprospectors.com,High Plains Prospectors - Premier Metal Detector Supply‎,https://highplainsprospectors.com,products.json,"bounty hunter,coiltek,detecting headphones,digging tool,garrett,gold detector,gold pan,gold prospecting,makro,metal detecting,metal detector,minelab,nokta,nokta makro,nugget detector,pinpointer,pulse induction detector,relic hunting,sand scoop,search coil,teknetics,treasure hunting,underwater metal detector,waterproof metal detector,xp deus",358,500,seedfile,seed-file
metaldetector.com,"Metal Detectors for Hobby, Professional & Security - MetalDetector.com",https://metaldetector.com,products.json,"bounty hunter,detech,digging tool,fisher labs,garrett,gold pan,gold prospecting,makro,metal detector,minelab,nokta,nokta makro,okm,pinpointer,quest,sand scoop,search coil,teknetics,tesoro,waterproof metal detector,xp deus",357,500,seedfile,seed-file
diggingitdetectors.com,Metal Detecting Store - Authorized Dealer On Detector and Accessories,https://diggingitdetectors.com,products.json,"coiltek,digging tool,garrett,gold detector,gold pan,gold prospecting,makro,metal detecting,metal detector,minelab,nokta,nokta makro,nugget detector,okm,pin pointer,pinpointer,sand scoop,search coil,treasure hunting,waterproof metal detector,xp detectors,xp deus",352,396,seedfile,seed-file
losttreasures.com.au,Lost Treasures | Metal Detector and Fossicking Store,https://losttreasures.com.au,products.json,"coiltek,digging tool,garrett,gold pan,gold prospecting,makro,metal detecting,metal detector,minelab,nokta,nokta makro,pinpointer,sand scoop,search coil,treasure hunting,xp deus",251,500,seedfile,seed-file
treasurecoastmetaldetectors.com,"Buy Metal Detectors Online – Hobby, Beach & Security Use",https://treasurecoastmetaldetectors.com,products.json,"digging tool,gold detector,gold prospecting,makro,metal detecting,metal detector,minelab,nokta,nokta makro,okm,pinpointer,relic hunting,sand scoop,search coil,treasure hunting,waterproof metal detector,xp deus",206,225,seedfile,seed-file
detect-ed.com,Metal Detecting Store | Detect-Ed Australia,https://detect-ed.com,products.json,"coiltek,detech,digging tool,gold pan,gold prospecting,metal detecting,metal detector,minelab,nokta,pin pointer,pinpointer,sand scoop,search coil,xp deus",185,389,seedfile,seed-file
gulfcoastdetector.com,One Stop - Metal Detector Shop – Gulf Coast Detector,https://gulfcoastdetector.com,products.json,"digging tool,garrett,makro,metal detecting,metal detector,minelab,nokta,nokta makro,pinpointer,sand scoop,search coil,waterproof metal detector,xp deus",179,183,seedfile,seed-file
metaldetectingstuff.com,Discover Hidden Treasures with Metal Detecting Stuff!,https://metaldetectingstuff.com,products.json,"digging tool,garrett,gold prospecting,makro,metal detecting,metal detector,minelab,nokta,nokta makro,pinpointer,sand scoop,search coil,waterproof metal detector,xp deus",63,500,seedfile,seed-file
ckgscoop.com,CKG Sand Scoop | Official ckgscoop.com,https://ckgscoop.com,products.json,"digging tool,metal detecting,metal detector,minelab,pinpointer,sand scoop,treasure hunting",44,86,seedfile,seed-file
mysurveyingdirect.com,My Surveying Direct | Equipment For Industry Professionals — My Surveying Direct USA,https://mysurveyingdirect.com,products.json,"metal detector,okm,pinpointer,xp deus",20,93,seedfile,seed-file
horizongear.co.uk,Horizon Gear,https://horizongear.co.uk,products.json,"metal detector,minelab",14,67,seedfile,seed-file
detectorwarehouse.com,"Best Prices on Garrett Metal Detectors, Minelab and more — Detector Warehouse",https://detectorwarehouse.com,products.json,"digging tool,garrett,gold detector,gold pan,metal detecting,metal detector,minelab,nokta,pinpointer,relic hunting,sand scoop,search coil,xp detectors",13,0,seed,seed
bigboyshobbies.net,"Metal Detectors For Sale Specialized in Minelab, Garrett, XP, Fisher, – Big Boys Hobbies Metal Detectors",https://bigboyshobbies.net,html-marker,"detech,digging tool,garrett,makro,metal detecting,metal detector,minelab,nokta,nokta makro,pin pointer,teknetics,tesoro",12,0,seedfile,seed-file
detectorpower.com,"DetectorsPro | Metal, Gold & Ground Detection Equipment – Detectors Pro",https://detectorpower.com,products.json,"bounty hunter,fisher labs,garrett,gold detector,metal detector,minelab,nokta,okm,pinpointer,quest,search coil,teknetics",12,0,seedfile,seed-file
detectorspro.com,"DetectorsPro | Metal, Gold & Ground Detection Equipment – Detectors Pro",https://detectorspro.com,products.json,"bounty hunter,fisher labs,garrett,gold detector,metal detector,minelab,nokta,okm,pinpointer,quest,search coil,teknetics",12,0,seedfile,seed-file
metaldetectingshop.com,Metal Detectors & Accessories - All the Best Metal Detectors,https://metaldetectingshop.com,products.json,"bounty hunter,digging tool,garrett,gold detector,metal detecting,metal detector,minelab,nokta,pinpointer,teknetics",10,0,seed,seed
redcarpetoptics.com,"Telescopes & Astronomy Gear, Sport Optics, Microscopes & More — Red Carpet Optics",https://redcarpetoptics.com,products.json,"metal detector,pinpointer,quest",3,0,seedfile,seed-file
modernmetaldetectors.com,Modern Metal Detectors - Best Metal Detector Online Store USA,https://modernmetaldetectors.com,products.json,metal detector,1,0,seedfile,seed-file
